Course Outcomes,Institutional Outcomes,SEAL of THOMASIAN EDUCATION,Program Outcomes
BCM6219L_1,S1,,
BCM6219L_1,S3,,
BCM6219L_1,E2,,
BCM6219L_1,,S,
BCM6219L_1,,E,
BCM6219L_1,,,BC_2
BCM6219L_2,E1,,
BCM6219L_2,E2,,
BCM6219L_2,E3,,
BCM6219L_2,,E,
BCM6219L_2,,,BC_6
BCM6219L_2,,,BC_7
BCM6219L_3,E1,,
BCM6219L_3,E2,,
BCM6219L_3,E3,,
BCM6219L_3,,E,
BCM6219L_3,,,BC_6
BCM6219L_3,,,BC_7
BCM6219L_4,A1,,
BCM6219L_4,A2,,
BCM6219L_4,A3,,
BCM6219L_4,,A,
BCM6219L_4,,,BC_1
BCM6219L_4,,,BC_3
BCM6219L_4,,,BC_4
BCM6219L_4,,,BC_7
BCM6219L_5,A1,,
BCM6219L_5,A2,,
BCM6219L_5,A3,,
BCM6219L_5,L1,,
BCM6219L_5,L2,,
BCM6219L_5,L3,,
BCM6219L_5,,A,
BCM6219L_5,,L,
BCM6219L_5,,,BC_1
BCM6219L_5,,,BC_3
BCM6219L_5,,,BC_4
BCM6219L_5,,,BC_7
BCM6229L_1,S1,,
BCM6229L_1,S3,,
BCM6229L_1,E2,,
BCM6229L_1,,S,
BCM6229L_1,,E,
BCM6229L_1,,,BC_2
BCM6229L_2,E1,,
BCM6229L_2,E2,,
BCM6229L_2,E3,,
BCM6229L_2,A1,,
BCM6229L_2,A2,,
BCM6229L_2,A3,,
BCM6229L_2,,E,
BCM6229L_2,,A,
BCM6229L_2,,,BC_1
BCM6229L_2,,,BC_3
BCM6229L_2,,,BC_4
BCM6229L_2,,,BC_6
BCM6229L_2,,,BC_7
BCM6229L_3,A1,,
BCM6229L_3,A2,,
BCM6229L_3,A3,,
BCM6229L_3,L1,,
BCM6229L_3,L2,,
BCM6229L_3,L3,,
BCM6229L_3,,A,
BCM6229L_3,,L,
BCM6229L_3,,,BC_1
BCM6229L_3,,,BC_3
BCM6229L_3,,,BC_4
BCM6229L_3,,,BC_7
BCM6229L_4,L1,,
BCM6229L_4,L2,,
BCM6229L_4,L3,,
BCM6229L_4,,L,
BCM6229L_4,,,BC_1
BCM6229L_4,,,BC_3
BCM6229L_4,,,BC_4
BCM6229L_4,,,BC_7
ELEBC_1,A2,,
ELEBC_1,L1,,
ELEBC_1,L2,,
ELEBC_1,L3,,
ELEBC_1,,A,
ELEBC_1,,L,
ELEBC_1,,,BC_1
ELEBC_2,A1,,
ELEBC_2,A2,,
ELEBC_2,L1,,
ELEBC_2,L2,,
ELEBC_2,L3,,
ELEBC_2,,A,
ELEBC_2,,L,
ELEBC_2,,,BC_3
ELEBC_2,,,BC_4
ELEBC_2,,,BC_7
ELEBC_3,E1,,
ELEBC_3,E2,,
ELEBC_3,E3,,
ELEBC_3,A2,,
ELEBC_3,A3,,
ELEBC_3,L1,,
ELEBC_3,L2,,
ELEBC_3,L3,,
ELEBC_3,,E,
ELEBC_3,,A,
ELEBC_3,,L,
ELEBC_3,,,BC_3
ELEBC_3,,,BC_4
ELEBC_3,,,BC_6
ELEBC_3,,,BC_7
ELEBC_4,E1,,
ELEBC_4,E2,,
ELEBC_4,E3,,
ELEBC_4,,E,
ELEBC_4,,,BC_6
ELEBC_4,,,BC_7
BCM626_1,S1,,
BCM626_1,S2,,
BCM626_1,S3,,
BCM626_1,E2,,
BCM626_1,A2,,
BCM626_1,L1,,
BCM626_1,L2,,
BCM626_1,L3,,
BCM626_1,,S,
BCM626_1,,A,
BCM626_1,,L,
BCM626_1,,,BC_1
BCM626_1,,,BC_2
BCM626_1,,,BC_3
BCM626_1,,,BC_5
BCM626_1,,,BC_7
BCM626_2,S2,,
BCM626_2,E2,,
BCM626_2,E3,,
BCM626_2,A1,,
BCM626_2,A2,,
BCM626_2,A3,,
BCM626_2,L1,,
BCM626_2,L2,,
BCM626_2,L3,,
BCM626_2,,S,
BCM626_2,,E,
BCM626_2,,A,
BCM626_2,,L,
BCM626_2,,,BC_3
BCM626_2,,,BC_5
BCM626_2,,,BC_7
BCM626_3,E2,,
BCM626_3,A2,,
BCM626_3,A3,,
BCM626_3,L1,,
BCM626_3,L2,,
BCM626_3,L3,,
BCM626_3,,E,
BCM626_3,,A,
BCM626_3,,L,
BCM626_3,,,BC_1
BCM626_3,,,BC_7
BCM626_4,E2,,
BCM626_4,A2,,
BCM626_4,A3,,
BCM626_4,L1,,
BCM626_4,L2,,
BCM626_4,L3,,
BCM626_4,,E,
BCM626_4,,A,
BCM626_4,,L,
BCM626_4,,,BC_1
BCM626_4,,,BC_7
BCM626_5,E1,,
BCM626_5,,E,
BCM626_5,,,BC_6
BCM628_1,E1,,
BCM628_1,,S,
BCM628_1,,E,
BCM628_1,,A,
BCM628_1,,L,
BCM628_1,,,BC_6
BCM628_2,A1,,
BCM628_2,,E,
BCM628_2,,A,
BCM628_2,,L,
BCM628_2,,,BC_3
BCM628_3,E1,,
BCM628_3,,E,
BCM628_3,,A,
BCM628_3,,L,
BCM628_3,,,BC_6
BCM628_4,A1,,
BCM628_4,,S,
BCM628_4,,E,
BCM628_4,,A,
BCM628_4,,L,
BCM628_4,,,BC_3
BCM628_5,E1,,
BCM628_5,,S,
BCM628_5,,E,
BCM628_5,,A,
BCM628_5,,L,
BCM628_5,,,BC_6
BCM628_6,S1,,
BCM628_6,S2,,
BCM628_6,S3,,
BCM628_6,E1,,
BCM628_6,E2,,
BCM628_6,E3,,
BCM628_6,A1,,
BCM628_6,A2,,
BCM628_6,A3,,
BCM628_6,L1,,
BCM628_6,L2,,
BCM628_6,L3,,
BCM628_6,,S,
BCM628_6,,E,
BCM628_6,,A,
BCM628_6,,L,
BCM628_6,,,BC_1
BCM628_6,,,BC_2
BCM628_6,,,BC_3
BCM628_6,,,BC_4
BCM628_6,,,BC_5
BCM628_6,,,BC_6
BCM628_6,,,BC_7
BCM6218_1,S1,,
BCM6218_1,S3,,
BCM6218_1,E2,,
BCM6218_1,E3,,
BCM6218_1,A1,,
BCM6218_1,A2,,
BCM6218_1,A3,,
BCM6218_1,L1,,
BCM6218_1,L2,,
BCM6218_1,L3,,
BCM6218_1,,S,
BCM6218_1,,E,
BCM6218_1,,A,
BCM6218_1,,L,
BCM6218_1,,,BC_1
BCM6218_1,,,BC_2
BCM6218_1,,,BC_3
BCM6218_1,,,BC_4
BCM6218_1,,,BC_5
BCM6218_1,,,BC_7
BCM6218_2,E1,,
BCM6218_2,E2,,
BCM6218_2,E3,,
BCM6218_2,A1,,
BCM6218_2,A2,,
BCM6218_2,A3,,
BCM6218_2,L1,,
BCM6218_2,L2,,
BCM6218_2,L3,,
BCM6218_2,,E,
BCM6218_2,,A,
BCM6218_2,,L,
BCM6218_2,,,BC_1
BCM6218_2,,,BC_3
BCM6218_2,,,BC_4
BCM6218_2,,,BC_6
BCM6218_2,,,BC_7
BCM6218_3,E2,,
BCM6218_3,E3,,
BCM6218_3,A1,,
BCM6218_3,A2,,
BCM6218_3,A3,,
BCM6218_3,L1,,
BCM6218_3,L2,,
BCM6218_3,L3,,
BCM6218_3,,E,
BCM6218_3,,A,
BCM6218_3,,L,
BCM6218_3,,,BC_1
BCM6218_3,,,BC_3
BCM6218_3,,,BC_4
BCM6218_3,,,BC_5
BCM6218_3,,,BC_7
BCM6218_4,S1,,
BCM6218_4,S3,,
BCM6218_4,E2,,
BCM6218_4,E3,,
BCM6218_4,A1,,
BCM6218_4,A2,,
BCM6218_4,A3,,
BCM6218_4,L1,,
BCM6218_4,L2,,
BCM6218_4,L3,,
BCM6218_4,,S,
BCM6218_4,,E,
BCM6218_4,,A,
BCM6218_4,,L,
BCM6218_4,,,BC_1
BCM6218_4,,,BC_2
BCM6218_4,,,BC_3
BCM6218_4,,,BC_4
BCM6218_4,,,BC_5
BCM6218_4,,,BC_6
BCM6218_4,,,BC_7
BCM6218_5,S1,,
BCM6218_5,S3,,
BCM6218_5,E2,,
BCM6218_5,E3,,
BCM6218_5,A1,,
BCM6218_5,A2,,
BCM6218_5,A3,,
BCM6218_5,L1,,
BCM6218_5,L2,,
BCM6218_5,L3,,
BCM6218_5,,S,
BCM6218_5,,E,
BCM6218_5,,A,
BCM6218_5,,L,
BCM6218_5,,,BC_1
BCM6218_5,,,BC_2
BCM6218_5,,,BC_3
BCM6218_5,,,BC_4
BCM6218_5,,,BC_5
BCM6218_5,,,BC_6
BCM6218_5,,,BC_7
BCM6229_1,S1,,
BCM6229_1,E1,,
BCM6229_1,E2,,
BCM6229_1,A1,,
BCM6229_1,A2,,
BCM6229_1,A3,,
BCM6229_1,L2,,
BCM6229_1,,S,
BCM6229_1,,E,
BCM6229_1,,A,
BCM6229_1,,L,
BCM6229_1,,,BC_1
BCM6229_1,,,BC_2
BCM6229_1,,,BC_3
BCM6229_1,,,BC_4
BCM6229_1,,,BC_6
BCM6229_1,,,BC_7
BCM6229_2,S1,,
BCM6229_2,S3,,
BCM6229_2,E1,,
BCM6229_2,E3,,
BCM6229_2,A3,,
BCM6229_2,L1,,
BCM6229_2,L2,,
BCM6229_2,,S,
BCM6229_2,,E,
BCM6229_2,,A,
BCM6229_2,,L,
BCM6229_2,,,BC_1
BCM6229_2,,,BC_2
BCM6229_2,,,BC_3
BCM6229_2,,,BC_4
BCM6229_2,,,BC_6
BCM6229_2,,,BC_7
BCM6229_3,S2,,
BCM6229_3,A1,,
BCM6229_3,A3,,
BCM6229_3,L3,,
BCM6229_3,,S,
BCM6229_3,,A,
BCM6229_3,,L,
BCM6229_3,,,BC_3
BCM6229_3,,,BC_5
BCM6229_3,,,BC_7
BCM6229_4,A2,,
BCM6229_4,L1,,
BCM6229_4,L2,,
BCM6229_4,,A,
BCM6229_4,,L,
BCM6229_4,,,BC_1
BCM6229_4,,,BC_3
BCM6229_4,,,BC_4
BCM6219_1,S1,,
BCM6219_1,S3,,
BCM6219_1,E2,,
BCM6219_1,,S,
BCM6219_1,,E,
BCM6219_1,,,BC_2
BCM6219_2,E1,,
BCM6219_2,E2,,
BCM6219_2,E3,,
BCM6219_2,,E,
BCM6219_2,,,BC_6
BCM6219_2,,,BC_7
BCM6219_3,E1,,
BCM6219_3,E2,,
BCM6219_3,E3,,
BCM6219_3,,E,
BCM6219_3,,,BC_6
BCM6219_3,,,BC_7
BCM6219_4,A1,,
BCM6219_4,A2,,
BCM6219_4,A3,,
BCM6219_4,,A,
BCM6219_4,,,BC_1
BCM6219_4,,,BC_3
BCM6219_4,,,BC_4
BCM6219_4,,,BC_7
BCM6219_5,A1,,
BCM6219_5,A2,,
BCM6219_5,A3,,
BCM6219_5,L1,,
BCM6219_5,L2,,
BCM6219_5,L3,,
BCM6219_5,,A,
BCM6219_5,,L,
BCM6219_5,,,BC_1
BCM6219_5,,,BC_3
BCM6219_5,,,BC_4
BCM6219_5,,,BC_7
BCM622_1,E1,,
BCM622_1,E2,,
BCM622_1,E3,,
BCM622_1,A1,,
BCM622_1,A2,,
BCM622_1,,E,
BCM622_1,,A,
BCM622_1,,,BC_1
BCM622_1,,,BC_2
BCM622_1,,,BC_3
BCM622_1,,,BC_6
BCM622_1,,,BC_7
BCM622_2,S1,,
BCM622_2,S3,,
BCM622_2,E1,,
BCM622_2,E2,,
BCM622_2,E3,,
BCM622_2,L1,,
BCM622_2,L2,,
BCM622_2,L3,,
BCM622_2,,S,
BCM622_2,,E,
BCM622_2,,L,
BCM622_2,,,BC_1
BCM622_2,,,BC_2
BCM622_2,,,BC_3
BCM622_2,,,BC_4
BCM622_2,,,BC_6
BCM622_2,,,BC_5
BCM622_2,,,BC_7
BCM622_3,A2,,
BCM622_3,L1,,
BCM622_3,L3,,
BCM622_3,,A,
BCM622_3,,L,
BCM622_3,,,BC_1
BCM622_3,,,BC_3
BCM622_3,,,BC_4
BCM622_3,,,BC_5
BCM622_3,,,BC_7
BCM622_4,A2,,
BCM622_4,L1,,
BCM622_4,L2,,
BCM622_4,L3,,
BCM622_4,,A,
BCM622_4,,L,
BCM622_4,,,BC_1
BCM622_4,,,BC_3
BCM622_4,,,BC_4
BCM622_4,,,BC_5
BCM622_4,,,BC_7
BCM622_5,S2,,
BCM622_5,A1,,
BCM622_5,A3,,
BCM622_5,L3,,
BCM622_5,,E,
BCM622_5,,A,
BCM622_5,,L,
BCM622_5,,,BC_3
BCM622_5,,,BC_5
BCM622_5,,,BC_7
BCM6216_1,A1,,
BCM6216_1,A2,,
BCM6216_1,A3,,
BCM6216_1,,A,
BCM6216_1,,,BC_1
BCM6216_1,,,BC_3
BCM6216_1,,,BC_4
BCM6216_1,,,BC_7
BCM6216_2,A1,,
BCM6216_2,A2,,
BCM6216_2,A3,,
BCM6216_2,,A,
BCM6216_2,,,BC_1
BCM6216_2,,,BC_3
BCM6216_2,,,BC_4
BCM6216_2,,,BC_7
BCM6216_3,S1,,
BCM6216_3,S2,,
BCM6216_3,S3,,
BCM6216_3,E2,,
BCM6216_3,E3,,
BCM6216_3,A1,,
BCM6216_3,A2,,
BCM6216_3,A3,,
BCM6216_3,L1,,
BCM6216_3,L2,,
BCM6216_3,L3,,
BCM6216_3,,S,
BCM6216_3,,E,
BCM6216_3,,A,
BCM6216_3,,L,
BCM6216_3,,,BC_1
BCM6216_3,,,BC_2
BCM6216_3,,,BC_3
BCM6216_3,,,BC_4
BCM6216_3,,,BC_5
BCM6216_3,,,BC_6
BCM6216_3,,,BC_7
BCM6216_4,E1,,
BCM6216_4,E2,,
BCM6216_4,E3,,
BCM6216_4,L1,,
BCM6216_4,L2,,
BCM6216_4,L3,,
BCM6216_4,,E,
BCM6216_4,,L,
BCM6216_4,,,BC_1
BCM6216_4,,,BC_2
BCM6216_4,,,BC_3
BCM6216_4,,,BC_4
BCM6216_4,,,BC_5
BCM6216_4,,,BC_6
BCM6216_4,,,BC_7
BCM6216_5,A1,,
BCM6216_5,A2,,
BCM6216_5,A3,,
BCM6216_5,L1,,
BCM6216_5,L2,,
BCM6216_5,L3,,
BCM6216_5,,A,
BCM6216_5,,L,
BCM6216_5,,,BC_1
BCM6216_5,,,BC_3
BCM6216_5,,,BC_4
BCM6216_5,,,BC_7
BCM621_1,E1,,
BCM621_1,E2,,
BCM621_1,E3,,
BCM621_1,A1,,
BCM621_1,A2,,
BCM621_1,A3,,
BCM621_1,,E,
BCM621_1,,A,
BCM621_1,,,BC_1
BCM621_1,,,BC_2
BCM621_1,,,BC_3
BCM621_1,,,BC_6
BCM621_1,,,BC_7
BCM621_2,E1,,
BCM621_2,E2,,
BCM621_2,E3,,
BCM621_2,L1,,
BCM621_2,L2,,
BCM621_2,L3,,
BCM621_2,,E,
BCM621_2,,L,
BCM621_2,,,BC_1
BCM621_2,,,BC_2
BCM621_2,,,BC_3
BCM621_2,,,BC_4
BCM621_2,,,BC_5
BCM621_2,,,BC_6
BCM621_2,,,BC_7
BCM621_3,L1,,
BCM621_3,L2,,
BCM621_3,L3,,
BCM621_3,,L,
BCM621_3,,,BC_1
BCM621_3,,,BC_3
BCM621_3,,,BC_4
BCM621_3,,,BC_5
BCM621_3,,,BC_7
BCM621_4,A1,,
BCM621_4,A2,,
BCM621_4,A3,,
BCM621_4,,A,
BCM621_4,,,BC_1
BCM621_4,,,BC_3
BCM621_4,,,BC_4
BCM621_5,S1,,
BCM621_5,S2,,
BCM621_5,S3,,
BCM621_5,A1,,
BCM621_5,A2,,
BCM621_5,A3,,
BCM621_5,L1,,
BCM621_5,L2,,
BCM621_5,L3,,
BCM621_5,,S,
BCM621_5,,A,
BCM621_5,,L,
BCM621_5,,,BC_1
BCM621_5,,,BC_2
BCM621_5,,,BC_3
BCM621_5,,,BC_4
BCM621_5,,,BC_5
BCM621_5,,,BC_7
BCM6217_1,S1,,
BCM6217_1,E2,,
BCM6217_1,E3,,
BCM6217_1,A1,,
BCM6217_1,A2,,
BCM6217_1,L3,,
BCM6217_1,,S,
BCM6217_1,,E,
BCM6217_1,,A,
BCM6217_1,,L,
BCM6217_1,,,BC_2
BCM6217_1,,,BC_3
BCM6217_1,,,BC_4
BCM6217_1,,,BC_7
BCM6217_2,E2,,
BCM6217_2,E3,,
BCM6217_2,A1,,
BCM6217_2,L1,,
BCM6217_2,L2,,
BCM6217_2,L3,,
BCM6217_2,,E,
BCM6217_2,,A,
BCM6217_2,,L,
BCM6217_2,,,BC_1
BCM6217_2,,,BC_2
BCM6217_2,,,BC_3
BCM6217_2,,,BC_4
BCM6217_2,,,BC_5
BCM6217_2,,,BC_7
BCM6217_3,S2,,
BCM6217_3,E1,,
BCM6217_3,A1,,
BCM6217_3,A2,,
BCM6217_3,L3,,
BCM6217_3,,S,
BCM6217_3,,E,
BCM6217_3,,A,
BCM6217_3,,L,
BCM6217_3,,,BC_1
BCM6217_3,,,BC_3
BCM6217_3,,,BC_4
BCM6217_3,,,BC_5
BCM6217_3,,,BC_6
BCM6217_4,S1,,
BCM6217_4,S2,,
BCM6217_4,S3,,
BCM6217_4,E1,,
BCM6217_4,A1,,
BCM6217_4,A3,,
BCM6217_4,L1,,
BCM6217_4,L2,,
BCM6217_4,,S,
BCM6217_4,,E,
BCM6217_4,,A,
BCM6217_4,,L,
BCM6217_4,,,BC_1
BCM6217_4,,,BC_2
BCM6217_4,,,BC_3
BCM6217_4,,,BC_4
BCM6217_4,,,BC_5
BCM6217_4,,,BC_6
BCM6217_4,,,BC_7
BCM6217_5,S1,,
BCM6217_5,S2,,
BCM6217_5,S3,,
BCM6217_5,E1,,
BCM6217_5,E3,,
BCM6217_5,A1,,
BCM6217_5,A2,,
BCM6217_5,L2,,
BCM6217_5,L3,,
BCM6217_5,,S,
BCM6217_5,,E,
BCM6217_5,,A,
BCM6217_5,,L,
BCM6217_5,,,BC_1
BCM6217_5,,,BC_2
BCM6217_5,,,BC_3
BCM6217_5,,,BC_4
BCM6217_5,,,BC_5
BCM6217_5,,,BC_6
BCM6217_5,,,BC_7
ELE MET2_1,S1,,
ELE MET2_1,S3,,
ELE MET2_1,E2,,
ELE MET2_1,E3,,
ELE MET2_1,A2,,
ELE MET2_1,A3,,
ELE MET2_1,L1,,
ELE MET2_1,L2,,
ELE MET2_1,,S,
ELE MET2_1,,E,
ELE MET2_1,,A,
ELE MET2_1,,L,
ELE MET2_1,,,BC_1
ELE MET2_1,,,BC_2
ELE MET2_1,,,BC_3
ELE MET2_1,,,BC_4
ELE MET2_1,,,BC_7
ELE MET2_2,S1,,
ELE MET2_2,S3,,
ELE MET2_2,E2,,
ELE MET2_2,E3,,
ELE MET2_2,A2,,
ELE MET2_2,A3,,
ELE MET2_2,L1,,
ELE MET2_2,L2,,
ELE MET2_2,,S,
ELE MET2_2,,E,
ELE MET2_2,,A,
ELE MET2_2,,L,
ELE MET2_2,,,BC_1
ELE MET2_2,,,BC_2
ELE MET2_2,,,BC_3
ELE MET2_2,,,BC_4
ELE MET2_2,,,BC_7
ELE MET2_3,S2,,
ELE MET2_3,E1,,
ELE MET2_3,E2,,
ELE MET2_3,E3,,
ELE MET2_3,L3,,
ELE MET2_3,,S,
ELE MET2_3,,E,
ELE MET2_3,,L,
ELE MET2_3,,,BC_2
ELE MET2_3,,,BC_4
ELE MET2_3,,,BC_5
ELE MET2_3,,,BC_6
ELE MET2_3,,,BC_7
ELE MET2_4,S3,,
ELE MET2_4,E1,,
ELE MET2_4,E2,,
ELE MET2_4,E3,,
ELE MET2_4,A1,,
ELE MET2_4,A2,,
ELE MET2_4,A3,,
ELE MET2_4,L1,,
ELE MET2_4,L2,,
ELE MET2_4,,S,
ELE MET2_4,,E,
ELE MET2_4,,A,
ELE MET2_4,,L,
ELE MET2_4,,,BC_1
ELE MET2_4,,,BC_2
ELE MET2_4,,,BC_3
ELE MET2_4,,,BC_4
ELE MET2_4,,,BC_6
ELE MET2_4,,,BC_7
BCM629_1,S3,,
BCM629_1,,S,
BCM629_1,,E,
BCM629_1,,A,
BCM629_1,,,BC_2
BCM629_1,,,BC_5
BCM629_1,,,BC_6
BCM629_1,,,BC_7
BCM629_2,E1,,
BCM629_2,,A,
BCM629_2,,,BC_1
BCM629_3,L2,,
BCM629_3,,A,
BCM629_3,,,BC_3
BCM629_3,,,BC_4
BCM629_3,,,BC_7
BCM629_4,E1,,
BCM629_4,,A,
BCM629_4,,,BC_1
BCM629_4,,,BC_2
BCM629_4,,,BC_3
BCM629_4,,,BC_4
BCM629_4,,,BC_6
BCM629_5,L2,,
BCM629_5,A2,,
BCM629_5,,A,
BCM629_5,,L,
BCM629_5,,,BC_3
BCM626L_1,E2,,
BCM626L_1,E3,,
BCM626L_1,A2,,
BCM626L_1,L1,,
BCM626L_1,L2,,
BCM626L_1,L3,,
BCM626L_1,,E,
BCM626L_1,,A,
BCM626L_1,,L,
BCM626L_1,,,BC_1
BCM626L_1,,,BC_2
BCM626L_1,,,BC_3
BCM626L_1,,,BC_4
BCM626L_1,,,BC_5
BCM626L_1,,,BC_7
BCM626L_2,S1,,
BCM626L_2,S3,,
BCM626L_2,E2,,
BCM626L_2,E3,,
BCM626L_2,A1,,
BCM626L_2,A2,,
BCM626L_2,A3,,
BCM626L_2,L1,,
BCM626L_2,L2,,
BCM626L_2,L3,,
BCM626L_2,,S,
BCM626L_2,,E,
BCM626L_2,,A,
BCM626L_2,,L,
BCM626L_2,,,BC_1
BCM626L_2,,,BC_2
BCM626L_2,,,BC_3
BCM626L_2,,,BC_4
BCM626L_2,,,BC_5
BCM626L_2,,,BC_7
BCM626L_3,E2,,
BCM626L_3,E3,,
BCM626L_3,A1,,
BCM626L_3,A2,,
BCM626L_3,A3,,
BCM626L_3,L1,,
BCM626L_3,L2,,
BCM626L_3,L3,,
BCM626L_3,,E,
BCM626L_3,,A,
BCM626L_3,,L,
BCM626L_3,,,BC_1
BCM626L_3,,,BC_2
BCM626L_3,,,BC_3
BCM626L_3,,,BC_4
BCM626L_3,,,BC_5
BCM626L_3,,,BC_7
BCM626L_4,E2,,
BCM626L_4,E3,,
BCM626L_4,A3,,
BCM626L_4,L3,,
BCM626L_4,,E,
BCM626L_4,,A,
BCM626L_4,,L,
BCM626L_4,,,BC_2
BCM626L_4,,,BC_5
BCM626L_4,,,BC_7
BCM626L_5,S1,,
BCM626L_5,S3,,
BCM626L_5,E1,,
BCM626L_5,,S,
BCM626L_5,,E,
BCM626L_5,,A,
BCM626L_5,,L,
BCM626L_5,,,BC_2
BCM626L_5,,,BC_6
BCM6230_1,A2,,
BCM6230_1,L1,,
BCM6230_1,,A,
BCM6230_1,,L,
BCM6230_1,,,BC_1
BCM6230_1,,,BC_3
BCM6230_1,,,BC_4
BCM6230_2,E1,,
BCM6230_2,A2,,
BCM6230_2,L1,,
BCM6230_2,L2,,
BCM6230_2,,E,
BCM6230_2,,A,
BCM6230_2,,L,
BCM6230_2,,,BC_1
BCM6230_2,,,BC_3
BCM6230_2,,,BC_4
BCM6230_2,,,BC_6
BCM6230_3,E2,,
BCM6230_3,E3,,
BCM6230_3,A2,,
BCM6230_3,A3,,
BCM6230_3,L1,,
BCM6230_3,L2,,
BCM6230_3,,E,
BCM6230_3,,A,
BCM6230_3,,L,
BCM6230_3,,,BC_1
BCM6230_3,,,BC_2
BCM6230_3,,,BC_3
BCM6230_3,,,BC_4
BCM6230_3,,,BC_5
BCM6230_3,,,BC_7
BCM6230_4,S1,,
BCM6230_4,S3,,
BCM6230_4,E1,,
BCM6230_4,E2,,
BCM6230_4,E3,,
BCM6230_4,A1,,
BCM6230_4,A2,,
BCM6230_4,A3,,
BCM6230_4,L1,,
BCM6230_4,L3,,
BCM6230_4,,S,
BCM6230_4,,E,
BCM6230_4,,A,
BCM6230_4,,L,
BCM6230_4,,,BC_1
BCM6230_4,,,BC_2
BCM6230_4,,,BC_3
BCM6230_4,,,BC_4
BCM6230_4,,,BC_5
BCM6230_4,,,BC_6
BCM6230_4,,,BC_7
BCM6231_1,E2,,
BCM6231_1,E3,,
BCM6231_1,A1,,
BCM6231_1,A2,,
BCM6231_1,A3,,
BCM6231_1,L1,,
BCM6231_1,L2,,
BCM6231_1,L3,,
BCM6231_1,,E,
BCM6231_1,,A,
BCM6231_1,,L,
BCM6231_1,,,BC_1
BCM6231_1,,,BC_2
BCM6231_1,,,BC_3
BCM6231_1,,,BC_4
BCM6231_1,,,BC_5
BCM6231_1,,,BC_7
BCM6231_2,S1,,
BCM6231_2,S3,,
BCM6231_2,E2,,
BCM6231_2,A2,,
BCM6231_2,L1,,
BCM6231_2,,S,
BCM6231_2,,E,
BCM6231_2,,A,
BCM6231_2,,L,
BCM6231_2,,,BC_1
BCM6231_2,,,BC_2
BCM6231_2,,,BC_3
BCM6231_2,,,BC_4
BCM6231_2,,,BC_6
BCM6231_2,,,BC_7
BCM6231_3,E2,,
BCM6231_3,E3,,
BCM6231_3,A1,,
BCM6231_3,A2,,
BCM6231_3,A3,,
BCM6231_3,L1,,
BCM6231_3,L2,,
BCM6231_3,L3,,
BCM6231_3,,E,
BCM6231_3,,A,
BCM6231_3,,L,
BCM6231_3,,,BC_1
BCM6231_3,,,BC_2
BCM6231_3,,,BC_3
BCM6231_3,,,BC_4
BCM6231_3,,,BC_5
BCM6231_3,,,BC_7
BCM6231_4,S1,,
BCM6231_4,S3,,
BCM6231_4,E1,,
BCM6231_4,E2,,
BCM6231_4,A2,,
BCM6231_4,L1,,
BCM6231_4,,S,
BCM6231_4,,E,
BCM6231_4,,A,
BCM6231_4,,L,
BCM6231_4,,,BC_1
BCM6231_4,,,BC_2
BCM6231_4,,,BC_3
BCM6231_4,,,BC_4
BCM6231_4,,,BC_6
BCM6231_4,,,BC_7
BCM6231_5,S2,,
BCM6231_5,A1,,
BCM6231_5,A2,,
BCM6231_5,L1,,
BCM6231_5,L2,,
BCM6231_5,L3,,
BCM6231_5,,S,
BCM6231_5,,A,
BCM6231_5,,L,
BCM6231_5,,,BC_1
BCM6231_5,,,BC_3
BCM6231_5,,,BC_4
BCM6231_5,,,BC_5
BCM6231_5,,,BC_7
BCM6231L_1,E2,,
BCM6231L_1,E3,,
BCM6231L_1,A1,,
BCM6231L_1,A2,,
BCM6231L_1,A3,,
BCM6231L_1,L1,,
BCM6231L_1,L2,,
BCM6231L_1,L3,,
BCM6231L_1,,E,
BCM6231L_1,,A,
BCM6231L_1,,L,
BCM6231L_1,,,BC_1
BCM6231L_1,,,BC_2
BCM6231L_1,,,BC_3
BCM6231L_1,,,BC_4
BCM6231L_1,,,BC_5
BCM6231L_1,,,BC_7
BCM6231L_2,S1,,
BCM6231L_2,S3,,
BCM6231L_2,E2,,
BCM6231L_2,A2,,
BCM6231L_2,L1,,
BCM6231L_2,,S,
BCM6231L_2,,E,
BCM6231L_2,,A,
BCM6231L_2,,L,
BCM6231L_2,,,BC_1
BCM6231L_2,,,BC_2
BCM6231L_2,,,BC_3
BCM6231L_2,,,BC_4
BCM6231L_2,,,BC_6
BCM6231L_2,,,BC_7
BCM6231L_3,E2,,
BCM6231L_3,E3,,
BCM6231L_3,A1,,
BCM6231L_3,A2,,
BCM6231L_3,A3,,
BCM6231L_3,L1,,
BCM6231L_3,L2,,
BCM6231L_3,L3,,
BCM6231L_3,,E,
BCM6231L_3,,A,
BCM6231L_3,,L,
BCM6231L_3,,,BC_1
BCM6231L_3,,,BC_2
BCM6231L_3,,,BC_3
BCM6231L_3,,,BC_4
BCM6231L_3,,,BC_5
BCM6231L_3,,,BC_7
BCM6231L_4,S1,,
BCM6231L_4,S3,,
BCM6231L_4,E1,,
BCM6231L_4,E2,,
BCM6231L_4,A2,,
BCM6231L_4,L1,,
BCM6231L_4,,S,
BCM6231L_4,,E,
BCM6231L_4,,A,
BCM6231L_4,,L,
BCM6231L_4,,,BC_1
BCM6231L_4,,,BC_2
BCM6231L_4,,,BC_3
BCM6231L_4,,,BC_4
BCM6231L_4,,,BC_6
BCM6231L_4,,,BC_7
BCM6231L_5,S2,,
BCM6231L_5,A1,,
BCM6231L_5,A2,,
BCM6231L_5,L1,,
BCM6231L_5,L2,,
BCM6231L_5,L3,,
BCM6231L_5,,S,
BCM6231L_5,,A,
BCM6231L_5,,L,
BCM6231L_5,,,BC_1
BCM6231L_5,,,BC_3
BCM6231L_5,,,BC_4
BCM6231L_5,,,BC_5
BCM6231L_5,,,BC_7
ELE HP_1,A2,,
ELE HP_1,L1,,
ELE HP_1,L2,,
ELE HP_1,,A,
ELE HP_1,,L,
ELE HP_1,,,BC_1
ELE HP_1,,,BC_3
ELE HP_1,,,BC_4
ELE HP_2,S1,,
ELE HP_2,S3,,
ELE HP_2,E1,,
ELE HP_2,E2,,
ELE HP_2,,S,
ELE HP_2,,E,
ELE HP_2,,,BC_2
ELE HP_2,,,BC_6
ELE HP_2,,,BC_7
ELE HP_3,E2,,
ELE HP_3,E3,,
ELE HP_3,A1,,
ELE HP_3,A2,,
ELE HP_3,A3,,
ELE HP_3,L1,,
ELE HP_3,L2,,
ELE HP_3,L3,,
ELE HP_3,,E,
ELE HP_3,,A,
ELE HP_3,,L,
ELE HP_3,,,BC_1
ELE HP_3,,,BC_2
ELE HP_3,,,BC_3
ELE HP_3,,,BC_4
ELE HP_3,,,BC_5
ELE HP_3,,,BC_6
ELE HP_3,,,BC_7
ELE HP_4,E2,,
ELE HP_4,E3,,
ELE HP_4,A2,,
ELE HP_4,A3,,
ELE HP_4,L2,,
ELE HP_4,L3,,
ELE HP_4,,E,
ELE HP_4,,A,
ELE HP_4,,L,
ELE HP_4,,,BC_1
ELE HP_4,,,BC_2
ELE HP_4,,,BC_3
ELE HP_4,,,BC_4
ELE HP_4,,,BC_5
ELE HP_4,,,BC_7
ELE HP_5,E1,,
ELE HP_5,A2,,
ELE HP_5,,E,
ELE HP_5,,A,
ELE HP_5,,,BC_1
ELE HP_5,,,BC_3
ELE HP_5,,,BC_4
ELE HP_5,,,BC_6
ELELSE_1,E1,,
ELELSE_1,E2,,
ELELSE_1,E3,,
ELELSE_1,A1,,
ELELSE_1,A2,,
ELELSE_1,A3,,
ELELSE_1,,E,
ELELSE_1,,A,
ELELSE_1,,,BC_1
ELELSE_1,,,BC_2
ELELSE_1,,,BC_3
ELELSE_1,,,BC_6
ELELSE_1,,,BC_7
ELELSE_2,E1,,
ELELSE_2,E2,,
ELELSE_2,E3,,
ELELSE_2,L1,,
ELELSE_2,L2,,
ELELSE_2,L3,,
ELELSE_2,,E,
ELELSE_2,,L,
ELELSE_2,,,BC_1
ELELSE_2,,,BC_2
ELELSE_2,,,BC_3
ELELSE_2,,,BC_4
ELELSE_2,,,BC_5
ELELSE_2,,,BC_6
ELELSE_2,,,BC_7
ELELSE_3,L1,,
ELELSE_3,L2,,
ELELSE_3,L3,,
ELELSE_3,,L,
ELELSE_3,,,BC_1
ELELSE_3,,,BC_3
ELELSE_3,,,BC_4
ELELSE_3,,,BC_5
ELELSE_3,,,BC_7
ELELSE_4,A1,,
ELELSE_4,A2,,
ELELSE_4,A3,,
ELELSE_4,,A,
ELELSE_4,,,BC_1
ELELSE_4,,,BC_3
ELELSE_4,,,BC_4
ELELSE_5,S1,,
ELELSE_5,S2,,
ELELSE_5,S3,,
ELELSE_5,A1,,
ELELSE_5,A2,,
ELELSE_5,A3,,
ELELSE_5,L1,,
ELELSE_5,L2,,
ELELSE_5,L3,,
ELELSE_5,,S,
ELELSE_5,,A,
ELELSE_5,,L,
ELELSE_5,,,BC_1
ELELSE_5,,,BC_2
ELELSE_5,,,BC_3
ELELSE_5,,,BC_4
ELELSE_5,,,BC_5
ELELSE_5,,,BC_7
BCM6210_1,E2,,
BCM6210_1,E3,,
BCM6210_1,A1,,
BCM6210_1,A2,,
BCM6210_1,A3,,
BCM6210_1,L1,,
BCM6210_1,L2,,
BCM6210_1,L3,,
BCM6210_1,,E,
BCM6210_1,,A,
BCM6210_1,,L,
BCM6210_1,,,BC_1
BCM6210_1,,,BC_3
BCM6210_1,,,BC_7
BCM6210_2,E2,,
BCM6210_2,E3,,
BCM6210_2,A1,,
BCM6210_2,A2,,
BCM6210_2,A3,,
BCM6210_2,L1,,
BCM6210_2,L2,,
BCM6210_2,L3,,
BCM6210_2,,E,
BCM6210_2,,A,
BCM6210_2,,L,
BCM6210_2,,,BC_1
BCM6210_2,,,BC_3
BCM6210_2,,,BC_7
BCM6210_3,S1,,
BCM6210_3,S2,,
BCM6210_3,S3,,
BCM6210_3,E1,,
BCM6210_3,E2,,
BCM6210_3,E3,,
BCM6210_3,A1,,
BCM6210_3,A2,,
BCM6210_3,A3,,
BCM6210_3,L1,,
BCM6210_3,L2,,
BCM6210_3,L3,,
BCM6210_3,,S,
BCM6210_3,,E,
BCM6210_3,,A,
BCM6210_3,,L,
BCM6210_3,,,BC_1
BCM6210_3,,,BC_2
BCM6210_3,,,BC_3
BCM6210_3,,,BC_4
BCM6210_3,,,BC_5
BCM6210_3,,,BC_6
BCM6210_3,,,BC_7
BCM6210_4,S1,,
BCM6210_4,S2,,
BCM6210_4,S3,,
BCM6210_4,E1,,
BCM6210_4,E2,,
BCM6210_4,E3,,
BCM6210_4,A1,,
BCM6210_4,A2,,
BCM6210_4,A3,,
BCM6210_4,L1,,
BCM6210_4,L2,,
BCM6210_4,L3,,
BCM6210_4,,S,
BCM6210_4,,E,
BCM6210_4,,A,
BCM6210_4,,L,
BCM6210_4,,,BC_1
BCM6210_4,,,BC_2
BCM6210_4,,,BC_3
BCM6210_4,,,BC_4
BCM6210_4,,,BC_5
BCM6210_4,,,BC_6
BCM6210_4,,,BC_7
BCM6210_5,S1,,
BCM6210_5,S2,,
BCM6210_5,S3,,
BCM6210_5,E1,,
BCM6210_5,E2,,
BCM6210_5,E3,,
BCM6210_5,A1,,
BCM6210_5,A2,,
BCM6210_5,A3,,
BCM6210_5,L1,,
BCM6210_5,L2,,
BCM6210_5,L3,,
BCM6210_5,,S,
BCM6210_5,,E,
BCM6210_5,,A,
BCM6210_5,,L,
BCM6210_5,,,BC_1
BCM6210_5,,,BC_2
BCM6210_5,,,BC_3
BCM6210_5,,,BC_4
BCM6210_5,,,BC_5
BCM6210_5,,,BC_6
BCM6210_5,,,BC_7
BCM6211_1,E1,,
BCM6211_1,,S,
BCM6211_1,,E,
BCM6211_1,,A,
BCM6211_1,,L,
BCM6211_1,,,BC_6
BCM6211_2,E1,,
BCM6211_2,,E,
BCM6211_2,,A,
BCM6211_2,,L,
BCM6211_2,,,BC_6
BCM6211_3,A2,,
BCM6211_3,,E,
BCM6211_3,,A,
BCM6211_3,,L,
BCM6211_3,,,BC_1
BCM6211_3,,,BC_3
BCM6211_3,,,BC_4
BCM6211_4,E1,,
BCM6211_4,A2,,
BCM6211_4,,S,
BCM6211_4,,E,
BCM6211_4,,A,
BCM6211_4,,L,
BCM6211_4,,,BC_1
BCM6211_4,,,BC_3
BCM6211_4,,,BC_4
BCM6211_4,,,BC_6
BCM6211_5,S1,,
BCM6211_5,S2,,
BCM6211_5,S3,,
BCM6211_5,E1,,
BCM6211_5,E2,,
BCM6211_5,E3,,
BCM6211_5,A1,,
BCM6211_5,A2,,
BCM6211_5,A3,,
BCM6211_5,L1,,
BCM6211_5,L2,,
BCM6211_5,L3,,
BCM6211_5,,S,
BCM6211_5,,E,
BCM6211_5,,A,
BCM6211_5,,L,
BCM6211_5,,,BC_1
BCM6211_5,,,BC_2
BCM6211_5,,,BC_3
BCM6211_5,,,BC_4
BCM6211_5,,,BC_5
BCM6211_5,,,BC_6
BCM6211_5,,,BC_7
BCM6222_1,S1,,
BCM6222_1,S2,,
BCM6222_1,S3,,
BCM6222_1,E1,,
BCM6222_1,E2,,
BCM6222_1,E3,,
BCM6222_1,A2,,
BCM6222_1,,S,
BCM6222_1,,E,
BCM6222_1,,A,
BCM6222_1,,,BC_2
BCM6222_1,,,BC_7
BCM6222_2,A1,,
BCM6222_2,A3,,
BCM6222_2,,A,
BCM6222_2,,,BC_1
BCM6222_2,,,BC_3
BCM6222_2,,,BC_4
BCM6222_3,A1,,
BCM6222_3,A2,,
BCM6222_3,A3,,
BCM6222_3,,A,
BCM6222_3,,,BC_1
BCM6222_3,,,BC_3
BCM6222_3,,,BC_4
BCM6222_3,,,BC_7
BCM6222_4,L1,,
BCM6222_4,L2,,
BCM6222_4,L3,,
BCM6222_4,,L,
BCM6222_4,,,BC_1
BCM6222_4,,,BC_3
BCM6222_4,,,BC_4
BCM6222_4,,,BC_5
BCM6222_4,,,BC_7
BCM6224_1,E1,,
BCM6224_1,A1,,
BCM6224_1,A2,,
BCM6224_1,L1,,
BCM6224_1,L2,,
BCM6224_1,,E,
BCM6224_1,,A,
BCM6224_1,,L,
BCM6224_1,,,BC_1
BCM6224_1,,,BC_3
BCM6224_1,,,BC_4
BCM6224_1,,,BC_6
BCM6224_2,E1,,
BCM6224_2,A1,,
BCM6224_2,A2,,
BCM6224_2,L1,,
BCM6224_2,L2,,
BCM6224_2,,E,
BCM6224_2,,A,
BCM6224_2,,L,
BCM6224_2,,,BC_1
BCM6224_2,,,BC_3
BCM6224_2,,,BC_4
BCM6224_2,,,BC_6
BCM6224_3,S1,,
BCM6224_3,S3,,
BCM6224_3,E2,,
BCM6224_3,E3,,
BCM6224_3,A1,,
BCM6224_3,A2,,
BCM6224_3,A3,,
BCM6224_3,L1,,
BCM6224_3,L2,,
BCM6224_3,L3,,
BCM6224_3,,S,
BCM6224_3,,E,
BCM6224_3,,A,
BCM6224_3,,L,
BCM6224_3,,,BC_1
BCM6224_3,,,BC_2
BCM6224_3,,,BC_3
BCM6224_3,,,BC_4
BCM6224_3,,,BC_7
BCM6224_4,S1,,
BCM6224_4,S2,,
BCM6224_4,S3,,
BCM6224_4,E2,,
BCM6224_4,E3,,
BCM6224_4,A1,,
BCM6224_4,A2,,
BCM6224_4,A3,,
BCM6224_4,L1,,
BCM6224_4,L2,,
BCM6224_4,L3,,
BCM6224_4,,S,
BCM6224_4,,E,
BCM6224_4,,A,
BCM6224_4,,L,
BCM6224_4,,,BC_1
BCM6224_4,,,BC_2
BCM6224_4,,,BC_3
BCM6224_4,,,BC_4
BCM6224_4,,,BC_5
BCM6224_4,,,BC_7
BCM6232_1,S2,,
BCM6232_1,E1,,
BCM6232_1,,S,
BCM6232_1,,E,
BCM6232_1,,,BC_5
BCM6232_1,,,BC_6
BCM6232_2,S2,,
BCM6232_2,E1,,
BCM6232_2,,S,
BCM6232_2,,E,
BCM6232_2,,,BC_5
BCM6232_2,,,BC_6
BCM6232_3,S2,,
BCM6232_3,E1,,
BCM6232_3,A2,,
BCM6232_3,L3,,
BCM6232_3,,S,
BCM6232_3,,E,
BCM6232_3,,A,
BCM6232_3,,L,
BCM6232_3,,,BC_1
BCM6232_3,,,BC_3
BCM6232_3,,,BC_4
BCM6232_3,,,BC_5
BCM6232_3,,,BC_6
BCM6232_3,,,BC_7
BCM6232_4,S2,,
BCM6232_4,E1,,
BCM6232_4,A2,,
BCM6232_4,L3,,
BCM6232_4,,S,
BCM6232_4,,E,
BCM6232_4,,A,
BCM6232_4,,L,
BCM6232_4,,,BC_1
BCM6232_4,,,BC_3
BCM6232_4,,,BC_4
BCM6232_4,,,BC_5
BCM6232_4,,,BC_6
BCM6232_4,,,BC_7
BCM6232_5,S2,,
BCM6232_5,E1,,
BCM6232_5,A2,,
BCM6232_5,L3,,
BCM6232_5,,S,
BCM6232_5,,E,
BCM6232_5,,A,
BCM6232_5,,L,
BCM6232_5,,,BC_1
BCM6232_5,,,BC_3
BCM6232_5,,,BC_4
BCM6232_5,,,BC_5
BCM6232_5,,,BC_6
BCM6232_5,,,BC_7
BCM6234_1,A2,,
BCM6234_1,,S,
BCM6234_1,,E,
BCM6234_1,,A,
BCM6234_1,,L,
BCM6234_1,,,BC_1
BCM6234_1,,,BC_3
BCM6234_1,,,BC_4
BCM6234_2,A2,,
BCM6234_2,,E,
BCM6234_2,,A,
BCM6234_2,,L,
BCM6234_2,,,BC_1
BCM6234_2,,,BC_3
BCM6234_2,,,BC_4
BCM6234_3,S1,,
BCM6234_3,S2,,
BCM6234_3,S3,,
BCM6234_3,E2,,
BCM6234_3,E3,,
BCM6234_3,A1,,
BCM6234_3,A2,,
BCM6234_3,A3,,
BCM6234_3,L1,,
BCM6234_3,L2,,
BCM6234_3,L3,,
BCM6234_3,,E,
BCM6234_3,,A,
BCM6234_3,,L,
BCM6234_3,,,BC_1
BCM6234_3,,,BC_2
BCM6234_3,,,BC_3
BCM6234_3,,,BC_4
BCM6234_3,,,BC_5
BCM6234_3,,,BC_7
BCM6234_4,S1,,
BCM6234_4,S2,,
BCM6234_4,S3,,
BCM6234_4,E2,,
BCM6234_4,E3,,
BCM6234_4,A1,,
BCM6234_4,A2,,
BCM6234_4,A3,,
BCM6234_4,L1,,
BCM6234_4,L2,,
BCM6234_4,L3,,
BCM6234_4,,S,
BCM6234_4,,E,
BCM6234_4,,A,
BCM6234_4,,L,
BCM6234_4,,,BC_1
BCM6234_4,,,BC_2
BCM6234_4,,,BC_3
BCM6234_4,,,BC_4
BCM6234_4,,,BC_5
BCM6234_4,,,BC_7
BCM6234_5,S1,,
BCM6234_5,S2,,
BCM6234_5,S3,,
BCM6234_5,E2,,
BCM6234_5,E3,,
BCM6234_5,A1,,
BCM6234_5,A2,,
BCM6234_5,A3,,
BCM6234_5,L1,,
BCM6234_5,L2,,
BCM6234_5,L3,,
BCM6234_5,,S,
BCM6234_5,,E,
BCM6234_5,,A,
BCM6234_5,,L,
BCM6234_5,,,BC_1
BCM6234_5,,,BC_2
BCM6234_5,,,BC_3
BCM6234_5,,,BC_4
BCM6234_5,,,BC_5
BCM6234_5,,,BC_7
BCM6234_6,S1,,
BCM6234_6,S2,,
BCM6234_6,S3,,
BCM6234_6,E1,,
BCM6234_6,E2,,
BCM6234_6,E3,,
BCM6234_6,A1,,
BCM6234_6,A2,,
BCM6234_6,A3,,
BCM6234_6,L1,,
BCM6234_6,L2,,
BCM6234_6,L3,,
BCM6234_6,,S,
BCM6234_6,,E,
BCM6234_6,,A,
BCM6234_6,,L,
BCM6234_6,,,BC_1
BCM6234_6,,,BC_2
BCM6234_6,,,BC_3
BCM6234_6,,,BC_4
BCM6234_6,,,BC_5
BCM6234_6,,,BC_6
BCM6234_6,,,BC_7
BCM6236_1,S1,,
BCM6236_1,S3,,
BCM6236_1,E1,,
BCM6236_1,E2,,
BCM6236_1,,S,
BCM6236_1,,E,
BCM6236_1,,A,
BCM6236_1,,L,
BCM6236_1,,,BC_1
BCM6236_1,,,BC_2
BCM6236_1,,,BC_3
BCM6236_1,,,BC_4
BCM6236_1,,,BC_5
BCM6236_1,,,BC_7
BCM6236_2,S1,,
BCM6236_2,S3,,
BCM6236_2,E1,,
BCM6236_2,E2,,
BCM6236_2,,S,
BCM6236_2,,E,
BCM6236_2,,,BC_2
BCM6236_2,,,BC_6
BCM6236_2,,,BC_7
BCM6236_3,A1,,
BCM6236_3,A2,,
BCM6236_3,A3,,
BCM6236_3,L1,,
BCM6236_3,L2,,
BCM6236_3,L3,,
BCM6236_3,,A,
BCM6236_3,,L,
BCM6236_3,,,BC_1
BCM6236_3,,,BC_3
BCM6236_3,,,BC_4
BCM6236_3,,,BC_5
BCM6236_3,,,BC_7
BCM6236_4,E1,,
BCM6236_4,E2,,
BCM6236_4,E3,,
BCM6236_4,A1,,
BCM6236_4,A2,,
BCM6236_4,A3,,
BCM6236_4,L1,,
BCM6236_4,L2,,
BCM6236_4,L3,,
BCM6236_4,,E,
BCM6236_4,,A,
BCM6236_4,,L,
BCM6236_4,,,BC_1
BCM6236_4,,,BC_3
BCM6236_4,,,BC_4
BCM6236_4,,,BC_5
BCM6236_4,,,BC_7
BCM6236_5,S2,,
BCM6236_5,L3,,
BCM6236_5,,S,
BCM6236_5,,L,
BCM6236_5,,,BC_5
BCM6236_5,,,BC_7
ELE PC3_1,A1,,
ELE PC3_1,A2,,
ELE PC3_1,,S,
ELE PC3_1,,E,
ELE PC3_1,,A,
ELE PC3_1,,L,
ELE PC3_1,,,BC_1
ELE PC3_1,,,BC_3
ELE PC3_1,,,BC_4
ELE PC3_2,E1,,
ELE PC3_2,L1,,
ELE PC3_2,,E,
ELE PC3_2,,A,
ELE PC3_2,,L,
ELE PC3_2,,,BC_1
ELE PC3_2,,,BC_3
ELE PC3_2,,,BC_4
ELE PC3_2,,,BC_6
ELE PC3_3,A1,,
ELE PC3_3,A2,,
ELE PC3_3,L1,,
ELE PC3_3,L2,,
ELE PC3_3,,E,
ELE PC3_3,,A,
ELE PC3_3,,L,
ELE PC3_3,,,BC_1
ELE PC3_3,,,BC_3
ELE PC3_3,,,BC_4
ELE PC3_4,S2,,
ELE PC3_4,E1,,
ELE PC3_4,E2,,
ELE PC3_4,E3,,
ELE PC3_4,A1,,
ELE PC3_4,A2,,
ELE PC3_4,A3,,
ELE PC3_4,L1,,
ELE PC3_4,L2,,
ELE PC3_4,L3,,
ELE PC3_4,,S,
ELE PC3_4,,E,
ELE PC3_4,,A,
ELE PC3_4,,L,
ELE PC3_4,,,BC_1
ELE PC3_4,,,BC_3
ELE PC3_4,,,BC_4
ELE PC3_4,,,BC_5
ELE PC3_4,,,BC_6
ELE PC3_4,,,BC_7
ELEAIM_1,S1,,
ELEAIM_1,S3,,
ELEAIM_1,E2,,
ELEAIM_1,A2,,
ELEAIM_1,,S,
ELEAIM_1,,E,
ELEAIM_1,,A,
ELEAIM_1,,,BC_2
ELEAIM_1,,,BC_3
ELEAIM_1,,,BC_4
ELEAIM_1,,,BC_7
ELEAIM_2,E1,,
ELEAIM_2,E2,,
ELEAIM_2,,E,
ELEAIM_2,,,BC_2
ELEAIM_2,,,BC_6
ELEAIM_2,,,BC_7
ELEAIM_3,E1,,
ELEAIM_3,E2,,
ELEAIM_3,E3,,
ELEAIM_3,,E,
ELEAIM_3,,,BC_2
ELEAIM_3,,,BC_6
ELEAIM_3,,,BC_7
ELEAIM_4,A1,,
ELEAIM_4,A2,,
ELEAIM_4,A3,,
ELEAIM_4,L1,,
ELEAIM_4,L2,,
ELEAIM_4,L3,,
ELEAIM_4,,A,
ELEAIM_4,,L,
ELEAIM_4,,,BC_1
ELEAIM_4,,,BC_3
ELEAIM_4,,,BC_4
ELEAIM_4,,,BC_5
ELEAIM_4,,,BC_7
ELEAIM_5,A1,,
ELEAIM_5,A2,,
ELEAIM_5,A3,,
ELEAIM_5,L1,,
ELEAIM_5,L2,,
ELEAIM_5,L3,,
ELEAIM_5,,A,
ELEAIM_5,,L,
ELEAIM_5,,,BC_1
ELEAIM_5,,,BC_3
ELEAIM_5,,,BC_4
ELEAIM_5,,,BC_5
ELEAIM_5,,,BC_7
BCM625_1,S1,,
BCM625_1,E3,,
BCM625_1,A2,,
BCM625_1,L2,,
BCM625_1,,S,
BCM625_1,,E,
BCM625_1,,A,
BCM625_1,,L,
BCM625_1,,,BC_1
BCM625_1,,,BC_2
BCM625_1,,,BC_3
BCM625_1,,,BC_4
BCM625_1,,,BC_7
BCM625_2,S1,,
BCM625_2,S2,,
BCM625_2,S3,,
BCM625_2,E1,,
BCM625_2,E3,,
BCM625_2,L2,,
BCM625_2,,S,
BCM625_2,,E,
BCM625_2,,L,
BCM625_2,,,BC_1
BCM625_2,,,BC_2
BCM625_2,,,BC_3
BCM625_2,,,BC_5
BCM625_2,,,BC_6
BCM625_2,,,BC_7
BCM625_3,E3,,
BCM625_3,A2,,
BCM625_3,L1,,
BCM625_3,L2,,
BCM625_3,,E,
BCM625_3,,A,
BCM625_3,,L,
BCM625_3,,,BC_1
BCM625_3,,,BC_3
BCM625_3,,,BC_4
BCM625_3,,,BC_7
BCM625_4,S1,,
BCM625_4,S2,,
BCM625_4,A1,,
BCM625_4,A3,,
BCM625_4,L1,,
BCM625_4,L3,,
BCM625_4,,S,
BCM625_4,,A,
BCM625_4,,L,
BCM625_4,,,BC_1
BCM625_4,,,BC_2
BCM625_4,,,BC_3
BCM625_4,,,BC_4
BCM625_4,,,BC_5
BCM625_4,,,BC_7
BCM625_5,S1,,
BCM625_5,S3,,
BCM625_5,E1,,
BCM625_5,E2,,
BCM625_5,L1,,
BCM625_5,L3,,
BCM625_5,,S,
BCM625_5,,E,
BCM625_5,,L,
BCM625_5,,,BC_1
BCM625_5,,,BC_2
BCM625_5,,,BC_3
BCM625_5,,,BC_4
BCM625_5,,,BC_5
BCM625_5,,,BC_6
BCM625_5,,,BC_7
BCM625_6,S1,,
BCM625_6,S2,,
BCM625_6,S3,,
BCM625_6,A1,,
BCM625_6,A2,,
BCM625_6,A3,,
BCM625_6,L1,,
BCM625_6,L2,,
BCM625_6,L3,,
BCM625_6,,S,
BCM625_6,,E,
BCM625_6,,A,
BCM625_6,,L,
BCM625_6,,,BC_1
BCM625_6,,,BC_2
BCM625_6,,,BC_3
BCM625_6,,,BC_5
BCM625_6,,,BC_7
BCM623_1,A1,,
BCM623_1,A2,,
BCM623_1,A3,,
BCM623_1,L1,,
BCM623_1,L2,,
BCM623_1,L3,,
BCM623_1,,A,
BCM623_1,,L,
BCM623_1,,,BC_1
BCM623_1,,,BC_2
BCM623_1,,,BC_3
BCM623_1,,,BC_4
BCM623_1,,,BC_5
BCM623_1,,,BC_7
BCM623_2,E1,,
BCM623_2,E2,,
BCM623_2,E3,,
BCM623_2,L1,,
BCM623_2,L2,,
BCM623_2,L3,,
BCM623_2,,E,
BCM623_2,,L,
BCM623_2,,,BC_1
BCM623_2,,,BC_2
BCM623_2,,,BC_3
BCM623_2,,,BC_7
BCM623_2,,,BC_6
BCM623_3,S1,,
BCM623_3,S2,,
BCM623_3,S3,,
BCM623_3,L1,,
BCM623_3,L2,,
BCM623_3,L3,,
BCM623_3,,S,
BCM623_3,,L,
BCM623_3,,,BC_1
BCM623_3,,,BC_2
BCM623_3,,,BC_3
BCM623_3,,,BC_4
BCM623_3,,,BC_5
BCM623_4,E1,,
BCM623_4,E2,,
BCM623_4,E3,,
BCM623_4,L1,,
BCM623_4,L2,,
BCM623_4,L3,,
BCM623_4,,E,
BCM623_4,,L,
BCM623_4,,,BC_2
BCM623_4,,,BC_3
BCM623_4,,,BC_4
BCM623_4,,,BC_6
BCM623_4,,,BC_7
BCM623_5,E1,,
BCM623_5,E2,,
BCM623_5,E3,,
BCM623_5,A1,,
BCM623_5,A2,,
BCM623_5,A3,,
BCM623_5,L1,,
BCM623_5,L2,,
BCM623_5,L3,,
BCM623_5,,E,
BCM623_5,,A,
BCM623_5,,L,
BCM623_5,,,BC_1
BCM623_5,,,BC_3
BCM623_5,,,BC_4
BCM623_5,,,BC_7
BCM623_6,S1,,
BCM623_6,S2,,
BCM623_6,S3,,
BCM623_6,,S,
BCM623_6,,,BC_2
BCM623_6,,,BC_5
BCM6233_1,E1,,
BCM6233_1,A2,,
BCM6233_1,L1,,
BCM6233_1,L2,,
BCM6233_1,,E,
BCM6233_1,,A,
BCM6233_1,,L,
BCM6233_1,,,BC_1
BCM6233_1,,,BC_3
BCM6233_1,,,BC_4
BCM6233_1,,,BC_6
BCM6233_2,E1,,
BCM6233_2,A2,,
BCM6233_2,L1,,
BCM6233_2,L2,,
BCM6233_2,,E,
BCM6233_2,,A,
BCM6233_2,,L,
BCM6233_2,,,BC_1
BCM6233_2,,,BC_3
BCM6233_2,,,BC_4
BCM6233_2,,,BC_6
BCM6233_3,E2,,
BCM6233_3,E3,,
BCM6233_3,A1,,
BCM6233_3,A2,,
BCM6233_3,A3,,
BCM6233_3,L1,,
BCM6233_3,L2,,
BCM6233_3,L3,,
BCM6233_3,,E,
BCM6233_3,,A,
BCM6233_3,,L,
BCM6233_3,,,BC_1
BCM6233_3,,,BC_2
BCM6233_3,,,BC_3
BCM6233_3,,,BC_4
BCM6233_3,,,BC_5
BCM6233_3,,,BC_6
BCM6233_3,,,BC_7
BCM6233_4,E1,,
BCM6233_4,A2,,
BCM6233_4,L1,,
BCM6233_4,L2,,
BCM6233_4,,E,
BCM6233_4,,A,
BCM6233_4,,L,
BCM6233_4,,,BC_1
BCM6233_4,,,BC_3
BCM6233_4,,,BC_4
BCM6233_4,,,BC_6
ELE IVC_1,S1,,
ELE IVC_1,S2,,
ELE IVC_1,E1,,
ELE IVC_1,E2,,
ELE IVC_1,L1,,
ELE IVC_1,,S,
ELE IVC_1,,E,
ELE IVC_1,,A,
ELE IVC_1,,L,
ELE IVC_1,,,BC_1
ELE IVC_1,,,BC_2
ELE IVC_1,,,BC_3
ELE IVC_1,,,BC_4
ELE IVC_1,,,BC_5
ELE IVC_1,,,BC_6
ELE IVC_1,,,BC_7
ELE IVC_2,S2,,
ELE IVC_2,E1,,
ELE IVC_2,E2,,
ELE IVC_2,A1,,
ELE IVC_2,A2,,
ELE IVC_2,A3,,
ELE IVC_2,L1,,
ELE IVC_2,L2,,
ELE IVC_2,L3,,
ELE IVC_2,,S,
ELE IVC_2,,E,
ELE IVC_2,,A,
ELE IVC_2,,L,
ELE IVC_2,,,BC_1
ELE IVC_2,,,BC_2
ELE IVC_2,,,BC_3
ELE IVC_2,,,BC_4
ELE IVC_2,,,BC_5
ELE IVC_2,,,BC_6
ELE IVC_2,,,BC_7
ELE IVC_3,S1,,
ELE IVC_3,S2,,
ELE IVC_3,E1,,
ELE IVC_3,E2,,
ELE IVC_3,A2,,
ELE IVC_3,A3,,
ELE IVC_3,L1,,
ELE IVC_3,L2,,
ELE IVC_3,L3,,
ELE IVC_3,,S,
ELE IVC_3,,E,
ELE IVC_3,,A,
ELE IVC_3,,L,
ELE IVC_3,,,BC_1
ELE IVC_3,,,BC_2
ELE IVC_3,,,BC_3
ELE IVC_3,,,BC_4
ELE IVC_3,,,BC_5
ELE IVC_3,,,BC_6
ELE IVC_3,,,BC_7
ELE IVC_4,S2,,
ELE IVC_4,E2,,
ELE IVC_4,E3,,
ELE IVC_4,A1,,
ELE IVC_4,A2,,
ELE IVC_4,L1,,
ELE IVC_4,,S,
ELE IVC_4,,E,
ELE IVC_4,,A,
ELE IVC_4,,L,
ELE IVC_4,,,BC_1
ELE IVC_4,,,BC_2
ELE IVC_4,,,BC_3
ELE IVC_4,,,BC_4
ELE IVC_4,,,BC_5
ELE IVC_4,,,BC_7
ELE6_1,S1,,
ELE6_1,S3,,
ELE6_1,E1,,
ELE6_1,E2,,
ELE6_1,A1,,
ELE6_1,A2,,
ELE6_1,L1,,
ELE6_1,L2,,
ELE6_1,,S,
ELE6_1,,E,
ELE6_1,,A,
ELE6_1,,L,
ELE6_1,,,BC_1
ELE6_1,,,BC_2
ELE6_1,,,BC_3
ELE6_1,,,BC_4
ELE6_1,,,BC_6
ELE6_1,,,BC_7
ELE6_2,E1,,
ELE6_2,A1,,
ELE6_2,A2,,
ELE6_2,A3,,
ELE6_2,L1,,
ELE6_2,L2,,
ELE6_2,,E,
ELE6_2,,A,
ELE6_2,,L,
ELE6_2,,,BC_1
ELE6_2,,,BC_3
ELE6_2,,,BC_4
ELE6_2,,,BC_6
ELE6_3,S1,,
ELE6_3,S2,,
ELE6_3,E1,,
ELE6_3,E2,,
ELE6_3,A1,,
ELE6_3,A2,,
ELE6_3,L1,,
ELE6_3,L2,,
ELE6_3,,S,
ELE6_3,,E,
ELE6_3,,A,
ELE6_3,,L,
ELE6_3,,,BC_1
ELE6_3,,,BC_2
ELE6_3,,,BC_3
ELE6_3,,,BC_4
ELE6_3,,,BC_5
ELE6_3,,,BC_6
ELE6_3,,,BC_7
ELE6_4,E1,,
ELE6_4,E2,,
ELE6_4,E3,,
ELE6_4,A1,,
ELE6_4,A2,,
ELE6_4,A3,,
ELE6_4,L1,,
ELE6_4,L2,,
ELE6_4,L3,,
ELE6_4,,E,
ELE6_4,,A,
ELE6_4,,L,
ELE6_4,,,BC_1
ELE6_4,,,BC_2
ELE6_4,,,BC_3
ELE6_4,,,BC_4
ELE6_4,,,BC_5
ELE6_4,,,BC_6
ELE6_4,,,BC_7
BCM6226_1,E1,,
BCM6226_1,,E,
BCM6226_1,,,BC_6
BCM6226_2,A1,,
BCM6226_2,,A,
BCM6226_2,,,BC_3
BCM6226_3,A3,,
BCM6226_3,,A,
BCM6226_3,,,BC_7
BCM6226_4,E2,,
BCM6226_4,,E,
BCM6226_4,,,BC_2
BCM6226_4,,,BC_7
BCM6226_5,E2,,
BCM6226_5,,E,
BCM6226_5,,,BC_2
BCM6226_5,,,BC_7
BCM6226_6,S1,,
BCM6226_6,L2,,
BCM6226_6,,S,
BCM6226_6,,L,
BCM6226_6,,,BC_1
BCM6226_6,,,BC_2
BCM6226_6,,,BC_3
BCM6213_1,E1,,
BCM6213_1,E2,,
BCM6213_1,E3,,
BCM6213_1,L1,,
BCM6213_1,L2,,
BCM6213_1,L3,,
BCM6213_1,,E,
BCM6213_1,,L,
BCM6213_1,,,BC_1
BCM6213_1,,,BC_2
BCM6213_1,,,BC_6
BCM6213_1,,,BC_7
BCM6213_2,E2,,
BCM6213_2,E3,,
BCM6213_2,L1,,
BCM6213_2,L2,,
BCM6213_2,,E,
BCM6213_2,,L,
BCM6213_2,,,BC_1
BCM6213_2,,,BC_2
BCM6213_2,,,BC_7
BCM6213_3,A1,,
BCM6213_3,A2,,
BCM6213_3,A3,,
BCM6213_3,L1,,
BCM6213_3,L2,,
BCM6213_3,L3,,
BCM6213_3,,A,
BCM6213_3,,L,
BCM6213_3,,,BC_1
BCM6213_3,,,BC_3
BCM6213_3,,,BC_4
BCM6213_3,,,BC_5
BCM6213_3,,,BC_7
BCM6213_4,A2,,
BCM6213_4,A3,,
BCM6213_4,L2,,
BCM6213_4,L3,,
BCM6213_4,,A,
BCM6213_4,,L,
BCM6213_4,,,BC_1
BCM6213_4,,,BC_3
BCM6213_4,,,BC_4
BCM6213_4,,,BC_5
BCM6213_4,,,BC_7
BCM6223_1,S1,,
BCM6223_1,E2,,
BCM6223_1,,S,
BCM6223_1,,E,
BCM6223_1,,,BC_2
BCM6223_1,,,BC_7
BCM6223_2,A2,,
BCM6223_2,A3,,
BCM6223_2,,A,
BCM6223_2,,,BC_1
BCM6223_2,,,BC_2
BCM6223_2,,,BC_3
BCM6223_2,,,BC_4
BCM6223_2,,,BC_7
BCM6223_3,A1,,
BCM6223_3,L1,,
BCM6223_3,,A,
BCM6223_3,,L,
BCM6223_3,,,BC_1
BCM6223_3,,,BC_3
BCM6223_3,,,BC_4
BCM6223_4,S2,,
BCM6223_4,S3,,
BCM6223_4,E3,,
BCM6223_4,L2,,
BCM6223_4,L3,,
BCM6223_4,,S,
BCM6223_4,,E,
BCM6223_4,,L,
BCM6223_4,,,BC_1
BCM6223_4,,,BC_2
BCM6223_4,,,BC_3
BCM6223_4,,,BC_5
BCM6223_4,,,BC_7
BCM6226_1,E1,,
BCM6226_1,,E,
BCM6226_1,,,BC_6
BCM6226_2,A1,,
BCM6226_2,,A,
BCM6226_2,,,BC_3
BCM6226_3,A3,,
BCM6226_3,,A,
BCM6226_3,,,BC_7
BCM6226_4,E2,,
BCM6226_4,,E,
BCM6226_4,,,BC_2
BCM6226_4,,,BC_7
BCM6226_5,E2,,
BCM6226_5,,E,
BCM6226_5,,,BC_2
BCM6226_5,,,BC_7
BCM6226_6,S1,,
BCM6226_6,L2,,
BCM6226_6,,S,
BCM6226_6,,L,
BCM6226_6,,,BC_1
BCM6226_6,,,BC_2
BCM6226_6,,,BC_3
BCM6221_1,E2,,
BCM6221_1,A2,,
BCM6221_1,L1,,
BCM6221_1,,E,
BCM6221_1,,A,
BCM6221_1,,L,
BCM6221_1,,,BC_1
BCM6221_1,,,BC_2
BCM6221_1,,,BC_3
BCM6221_1,,,BC_4
BCM6221_1,,,BC_7
BCM6221_2,E1,,
BCM6221_2,E2,,
BCM6221_2,A1,,
BCM6221_2,A2,,
BCM6221_2,L1,,
BCM6221_2,L2,,
BCM6221_2,,E,
BCM6221_2,,A,
BCM6221_2,,L,
BCM6221_2,,,BC_1
BCM6221_2,,,BC_2
BCM6221_2,,,BC_3
BCM6221_2,,,BC_4
BCM6221_2,,,BC_6
BCM6221_2,,,BC_7
BCM6221_3,E2,,
BCM6221_3,A2,,
BCM6221_3,A3,,
BCM6221_3,L1,,
BCM6221_3,L2,,
BCM6221_3,,E,
BCM6221_3,,A,
BCM6221_3,,L,
BCM6221_3,,,BC_1
BCM6221_3,,,BC_2
BCM6221_3,,,BC_3
BCM6221_3,,,BC_4
BCM6221_3,,,BC_7
BCM6221_4,S2,,
BCM6221_4,E2,,
BCM6221_4,A1,,
BCM6221_4,A2,,
BCM6221_4,A3,,
BCM6221_4,L1,,
BCM6221_4,L3,,
BCM6221_4,,S,
BCM6221_4,,E,
BCM6221_4,,A,
BCM6221_4,,L,
BCM6221_4,,,BC_1
BCM6221_4,,,BC_2
BCM6221_4,,,BC_3
BCM6221_4,,,BC_4
BCM6221_4,,,BC_5
BCM6221_4,,,BC_7
BCM6225_1,S1,,
BCM6225_1,E1,,
BCM6225_1,E2,,
BCM6225_1,A2,,
BCM6225_1,L1,,
BCM6225_1,,S,
BCM6225_1,,E,
BCM6225_1,,A,
BCM6225_1,,L,
BCM6225_1,,,BC_1
BCM6225_1,,,BC_2
BCM6225_1,,,BC_3
BCM6225_1,,,BC_4
BCM6225_1,,,BC_6
BCM6225_1,,,BC_7
BCM6225_2,E1,,
BCM6225_2,E2,,
BCM6225_2,E3,,
BCM6225_2,A1,,
BCM6225_2,A2,,
BCM6225_2,L1,,
BCM6225_2,L3,,
BCM6225_2,,E,
BCM6225_2,,A,
BCM6225_2,,L,
BCM6225_2,,,BC_1
BCM6225_2,,,BC_2
BCM6225_2,,,BC_3
BCM6225_2,,,BC_4
BCM6225_2,,,BC_6
BCM6225_2,,,BC_7
BCM6225_3,E2,,
BCM6225_3,A1,,
BCM6225_3,A2,,
BCM6225_3,L1,,
BCM6225_3,,E,
BCM6225_3,,A,
BCM6225_3,,L,
BCM6225_3,,,BC_1
BCM6225_3,,,BC_2
BCM6225_3,,,BC_3
BCM6225_3,,,BC_4
BCM6225_3,,,BC_7
BCM6225_4,E2,,
BCM6225_4,E3,,
BCM6225_4,A1,,
BCM6225_4,A2,,
BCM6225_4,L1,,
BCM6225_4,L2,,
BCM6225_4,L3,,
BCM6225_4,,E,
BCM6225_4,,A,
BCM6225_4,,L,
BCM6225_4,,,BC_1
BCM6225_4,,,BC_2
BCM6225_4,,,BC_3
BCM6225_4,,,BC_4
BCM6225_4,,,BC_7
BCM6225_5,S2,,
BCM6225_5,E1,,
BCM6225_5,A3,,
BCM6225_5,L2,,
BCM6225_5,,S,
BCM6225_5,,E,
BCM6225_5,,A,
BCM6225_5,,L,
BCM6225_5,,,BC_1
BCM6225_5,,,BC_3
BCM6225_5,,,BC_5
BCM6225_5,,,BC_6
BCM6225_5,,,BC_7
ELE2IMT_1,E1,,
ELE2IMT_1,E2,,
ELE2IMT_1,A2,,
ELE2IMT_1,L1,,
ELE2IMT_1,,E,
ELE2IMT_1,,A,
ELE2IMT_1,,L,
ELE2IMT_1,,,BC_1
ELE2IMT_1,,,BC_2
ELE2IMT_1,,,BC_3
ELE2IMT_1,,,BC_4
ELE2IMT_1,,,BC_6
ELE2IMT_1,,,BC_7
ELE2IMT_2,E1,,
ELE2IMT_2,E2,,
ELE2IMT_2,A2,,
ELE2IMT_2,L1,,
ELE2IMT_2,L2,,
ELE2IMT_2,,E,
ELE2IMT_2,,A,
ELE2IMT_2,,L,
ELE2IMT_2,,,BC_1
ELE2IMT_2,,,BC_2
ELE2IMT_2,,,BC_3
ELE2IMT_2,,,BC_4
ELE2IMT_2,,,BC_6
ELE2IMT_2,,,BC_7
ELE2IMT_3,E2,,
ELE2IMT_3,A1,,
ELE2IMT_3,A2,,
ELE2IMT_3,L1,,
ELE2IMT_3,,E,
ELE2IMT_3,,A,
ELE2IMT_3,,L,
ELE2IMT_3,,,BC_1
ELE2IMT_3,,,BC_2
ELE2IMT_3,,,BC_3
ELE2IMT_3,,,BC_4
ELE2IMT_3,,,BC_7
ELE2IMT_4,S1,,
ELE2IMT_4,S2,,
ELE2IMT_4,E2,,
ELE2IMT_4,A1,,
ELE2IMT_4,A2,,
ELE2IMT_4,A3,,
ELE2IMT_4,L1,,
ELE2IMT_4,L2,,
ELE2IMT_4,L3,,
ELE2IMT_4,,S,
ELE2IMT_4,,E,
ELE2IMT_4,,A,
ELE2IMT_4,,L,
ELE2IMT_4,,,BC_1
ELE2IMT_4,,,BC_2
ELE2IMT_4,,,BC_3
ELE2IMT_4,,,BC_4
ELE2IMT_4,,,BC_5
ELE2IMT_4,,,BC_7
ELE2IMT_5,S1,,
ELE2IMT_5,S2,,
ELE2IMT_5,S3,,
ELE2IMT_5,E3,,
ELE2IMT_5,A3,,
ELE2IMT_5,L3,,
ELE2IMT_5,,S,
ELE2IMT_5,,E,
ELE2IMT_5,,A,
ELE2IMT_5,,L,
ELE2IMT_5,,,BC_2
ELE2IMT_5,,,BC_5
ELE2IMT_5,,,BC_7
BCM6214_1,E1,,
BCM6214_1,E2,,
BCM6214_1,E3,,
BCM6214_1,L1,,
BCM6214_1,L2,,
BCM6214_1,,E,
BCM6214_1,,L,
BCM6214_1,,,BC_1
BCM6214_1,,,BC_2
BCM6214_1,,,BC_3
BCM6214_1,,,BC_4
BCM6214_1,,,BC_6
BCM6214_1,,,BC_7
BCM6214_2,E2,,
BCM6214_2,E3,,
BCM6214_2,L1,,
BCM6214_2,L2,,
BCM6214_2,,E,
BCM6214_2,,L,
BCM6214_2,,,BC_1
BCM6214_2,,,BC_3
BCM6214_2,,,BC_4
BCM6214_2,,,BC_7
BCM6214_3,A1,,
BCM6214_3,L1,,
BCM6214_3,L2,,
BCM6214_3,,A,
BCM6214_3,,L,
BCM6214_3,,,BC_1
BCM6214_3,,,BC_3
BCM6214_3,,,BC_4
BCM6214_4,A2,,
BCM6214_4,A3,,
BCM6214_4,L2,,
BCM6214_4,L3,,
BCM6214_4,,A,
BCM6214_4,,L,
BCM6214_4,,,BC_1
BCM6214_4,,,BC_3
BCM6214_4,,,BC_4
BCM6214_4,,,BC_5
BCM6214_4,,,BC_7
BCM6214_5,A2,,
BCM6214_5,A3,,
BCM6214_5,L2,,
BCM6214_5,L3,,
BCM6214_5,,A,
BCM6214_5,,L,
BCM6214_5,,,BC_1
BCM6214_5,,,BC_3
BCM6214_5,,,BC_4
BCM6214_5,,,BC_5
BCM6214_5,,,BC_7
BCM6214_6,A2,,
BCM6214_6,,A,
BCM6214_6,,,BC_1
BCM6214_6,,,BC_3
BCM6214_6,,,BC_4
